time,seconds_elapsed,z,y,x
1697842578847842600,0.140842529296875,9.801923751831055,0.2538156807422638,0.1680704653263092
1697842578863742200,0.1567421875,9.790310859680176,0.380366712808609,0.41895464062690735
1697842578876952600,0.16995263671875,9.760392189025879,0.48843511939048767,-0.8164321184158325
1697842578888166400,0.18116650390625,9.799812316894531,0.29564714431762695,0.21600590646266937
1697842578899443700,0.192443603515625,9.799751281738281,0.2955760061740875,0.21885208785533905
1697842578909322800,0.20232275390625,9.799793243408203,0.2938215732574463,0.2193470150232315
1697842578919265800,0.212265869140625,9.799583435058594,0.29485347867012024,0.22717487812042236
1697842578929245400,0.222245361328125,9.799583435058594,0.29485347867012024,0.22717487812042236
1697842578939212800,0.232212890625,9.799583435058594,0.29485347867012024,0.22717487812042236
1697842578949181400,0.242181396484375,9.799583435058594,0.29485347867012024,0.22717487812042236
1697842578959277000,0.252277099609375,9.799583435058594,0.29485347867012024,0.22717487812042236
1697842578969202700,0.26220263671875,9.799583435058594,0.29485347867012024,0.22717487812042236
1697842578979159300,0.2721591796875,9.799583435058594,0.29485347867012024,0.22717487812042236
1697842578989794600,0.282794677734375,9.799001693725586,0.30393004417419434,0.2399742305278778
1697842578999628300,0.292628173828125,9.799001693725586,0.30393004417419434,0.2399742305278778
1697842579009403100,0.302403076171875,9.799001693725586,0.30393004417419434,0.2399742305278778
1697842579019248600,0.31224853515625,9.799001693725586,0.30393004417419434,0.2399742305278778
1697842579029179400,0.322179443359375,9.799001693725586,0.30393004417419434,0.2399742305278778
1697842579039350300,0.332350341796875,9.799001693725586,0.30393004417419434,0.2399742305278778
1697842579049211100,0.342211181640625,9.799001693725586,0.30393004417419434,0.2399742305278778
1697842579059376600,0.352376708984375,9.799001693725586,0.30393004417419434,0.2399742305278778
1697842579069380400,0.36238037109375,9.799001693725586,0.30393004417419434,0.2399742305278778
1697842579079296500,0.372296630859375,9.799001693725586,0.30393004417419434,0.2399742305278778
1697842579089314800,0.382314697265625,9.801039695739746,0.2708199918270111,0.19147291779518127
1697842579099348000,0.392347900390625,9.801039695739746,0.2708199918270111,0.19147291779518127
1697842579109271600,0.402271484375,9.801438331604004,0.26036524772644043,0.1855016052722931
1697842579119235300,0.4122353515625,9.80169677734375,0.2552243769168854,0.1788705736398697
1697842579129179100,0.42217919921875,9.801993370056152,0.2438937872648239,0.17839951813220978
1697842579139272400,0.4322724609375,9.802173614501953,0.23744049668312073,0.17721404135227203
1697842579149301800,0.4423017578125,9.802417755126953,0.22695118188858032,0.17742599546909332
1697842579159426300,0.45242626953125,9.80254077911377,0.22047722339630127,0.17879396677017212
1697842579169496300,0.462496337890625,9.802717208862305,0.2114979475736618,0.17998820543289185
1697842579179290600,0.47229052734375,9.802901268005371,0.202041357755661,0.180843323469162
1697842579189215700,0.4822158203125,9.803117752075195,0.19105084240436554,0.1810491979122162
1697842579199147800,0.492147705078125,9.803275108337402,0.1848583221435547,0.17892642319202423
1697842579209141500,0.5021416015625,9.803393363952637,0.17894692718982697,0.17844632267951965
1697842579219124700,0.512124755859375,9.80346393585205,0.1756003499031067,0.17789873480796814
1697842579229129500,0.52212939453125,9.803563117980957,0.17185844480991364,0.17608557641506195
1697842579239155200,0.5321552734375,9.803593635559082,0.17165283858776093,0.17455293238162994
1697842579249340700,0.542340576171875,9.80363655090332,0.17314347624778748,0.1706661581993103
1697842579259380200,0.552380126953125,9.803592681884766,0.17742298543453217,0.16873377561569214
1697842579269229000,0.56222900390625,9.803542137145996,0.18184268474578857,0.16698697209358215
1697842579279357200,0.572357177734375,9.803452491760254,0.18959178030490875,0.16359815001487732
1697842579289296100,0.582296142578125,9.803312301635742,0.19760172069072723,0.16249589622020721
1697842579299262000,0.592261962890625,9.803169250488281,0.20602887868881226,0.1606348752975464
1697842579309209000,0.602208984375,9.802986145019531,0.2160218507051468,0.15873204171657562
1697842579319151600,0.612151611328125,9.802834510803223,0.22603739798069,0.15406139194965363
1697842579329128700,0.622128662109375,9.80269718170166,0.23412001132965088,0.15066277980804443
1697842579339161900,0.632161865234375,9.802447319030762,0.24529024958610535,0.14918193221092224
1697842579349395500,0.6423955078125,9.802200317382812,0.25628504157066345,0.14682847261428833
1697842579359264800,0.6522646484375,9.801916122436523,0.26783254742622375,0.14522747695446014
1697842579369184800,0.662184814453125,9.801727294921875,0.2757355272769928,0.14317470788955688
1697842579379170300,0.67217041015625,9.801542282104492,0.2830871641635895,0.1415260285139084
1697842579389397200,0.682397216796875,9.8013334274292,0.2910679280757904,0.13977740705013275
1697842579399365600,0.69236572265625,9.801151275634766,0.2981069087982178,0.13769316673278809
1697842579409295400,0.70229541015625,9.800941467285156,0.30498361587524414,0.13752628862857819
1697842579419304200,0.71230419921875,9.800692558288574,0.31078726053237915,0.14220361411571503
1697842579429439500,0.722439453125,9.800382614135742,0.3196621537208557,0.1438589096069336
1697842579439485700,0.732485595703125,9.80016040802002,0.3250831663608551,0.14682704210281372
1697842579449549300,0.74254931640625,9.799869537353516,0.3313486874103546,0.15217123925685883
1697842579459570200,0.752570068359375,9.7996244430542,0.3365342319011688,0.15648287534713745
1697842579469437700,0.762437744140625,9.799355506896973,0.34262675046920776,0.16005349159240723
1697842579479884300,0.77288427734375,9.799134254455566,0.34684520959854126,0.16449414193630219
1697842579489681700,0.782681640625,9.798842430114746,0.35223814845085144,0.1703123301267624
1697842579499595800,0.792595703125,9.798615455627441,0.3565352261066437,0.17437900602817535
1697842579509720300,0.80272021484375,9.79834270477295,0.3616083860397339,0.17917008697986603
1697842579519583200,0.812583251953125,9.798075675964355,0.3667127788066864,0.18339167535305023
1697842579529401600,0.822401611328125,9.797813415527344,0.37137991189956665,0.18792302906513214
1697842579539367400,0.832367431640625,9.797540664672852,0.37632209062576294,0.19224359095096588
1697842579549479700,0.842479736328125,9.797271728515625,0.382262259721756,0.19421766698360443
1697842579559589400,0.85258935546875,9.796998977661133,0.3871835768222809,0.19821502268314362
1697842579569373200,0.862373291015625,9.796770095825195,0.3918780982494354,0.20027518272399902
1697842579579567600,0.872567626953125,9.796562194824219,0.39669373631477356,0.20094527304172516
1697842579589703200,0.882703125,9.796401977539062,0.3991962969303131,0.20381809771060944
1697842579599446500,0.892446533203125,9.7962646484375,0.40156427025794983,0.20572920143604279
1697842579609494300,0.902494384765625,9.796143531799316,0.40330395102500916,0.2080993354320526
1697842579619435800,0.912435791015625,9.796025276184082,0.4046664237976074,0.2109793871641159
1697842579629555700,0.9225556640625,9.795915603637695,0.40639156103134155,0.21275438368320465
1697842579639345400,0.932345458984375,9.795857429504395,0.4062347412109375,0.21574416756629944
1697842579649355300,0.942355224609375,9.7957181930542,0.408053994178772,0.21857941150665283
1697842579659584000,0.952583984375,9.795595169067383,0.4095461070537567,0.22129637002944946
1697842579669612500,0.962612548828125,9.79552936553955,0.40874776244163513,0.22564886510372162
1697842579679360800,0.97236083984375,9.79552936553955,0.40874776244163513,0.22564886510372162
1697842579689277400,0.98227734375,9.795382499694824,0.4083995819091797,0.23253461718559265
1697842579699599600,0.992599609375,9.795454978942871,0.405742883682251,0.23412320017814636
1697842579709365200,1.002365234375,9.795462608337402,0.4056859314441681,0.23388533294200897
1697842579719436300,1.012436279296875,9.79549789428711,0.40426895022392273,0.2349027842283249
1697842579729520600,1.022520751953125,9.795395851135254,0.40718454122543335,0.23411132395267487
1697842579739460400,1.03246044921875,9.795318603515625,0.40959489345550537,0.23313359916210175
1697842579749374700,1.042374755859375,9.795207977294922,0.41250354051589966,0.2326531559228897
1697842579759415300,1.052415283203125,9.795077323913574,0.41536837816238403,0.2330627143383026
1697842579769318100,1.062318115234375,9.794950485229492,0.41900205612182617,0.23185119032859802
1697842579779321600,1.072321533203125,9.794958114624023,0.42002078890800476,0.2297128289937973
1697842579789301800,1.0823017578125,9.794905662536621,0.42173781991004944,0.22880563139915466
1697842579799512800,1.092512939453125,9.794833183288574,0.42432111501693726,0.22712178528308868
1697842579809635800,1.1026357421875,9.794795036315918,0.4256793260574341,0.22620438039302826
1697842579819478500,1.112478515625,9.794793128967285,0.42702871561050415,0.2237546592950821
1697842579829587700,1.122587646484375,9.79480266571045,0.4290902316570282,0.21933932602405548
1697842579839382800,1.1323828125,9.794913291931152,0.42874541878700256,0.215041846036911
1697842579849747000,1.142746826171875,9.79489517211914,0.4313168525695801,0.21067117154598236
1697842579859565600,1.152565673828125,9.794997215270996,0.43189167976379395,0.20466133952140808
1697842579869564700,1.162564697265625,9.79505729675293,0.43400418758392334,0.19718727469444275
1697842579879476500,1.1724765625,9.795156478881836,0.43499675393104553,0.18993458151817322
1697842579889497000,1.1824970703125,9.79532241821289,0.43454381823539734,0.18229550123214722
1697842579899426000,1.192426025390625,9.795533180236816,0.4335351288318634,0.17310744524002075
1697842579909338000,1.202338134765625,9.795829772949219,0.4300815463066101,0.16473336517810822
1697842579919350500,1.2123505859375,9.796052932739258,0.42842039465904236,0.15551020205020905
1697842579929549300,1.22254931640625,9.796280860900879,0.4262148141860962,0.14699675142765045
1697842579939554600,1.232554443359375,9.79643440246582,0.42434370517730713,0.14210015535354614
1697842579949409800,1.242409912109375,9.796529769897461,0.42417389154434204,0.13590143620967865
1697842579959668500,1.25266845703125,9.796645164489746,0.42304420471191406,0.1310703158378601
1697842579969672200,1.262672119140625,9.796789169311523,0.4210183322429657,0.12675553560256958
1697842579979634700,1.272634765625,9.79687786102295,0.4205368757247925,0.12128835171461105
1697842579993459200,1.286459228515625,9.797225952148438,0.4154169261455536,0.11035554111003876
1697842580009415000,1.302414794921875,9.797225952148438,0.4154169261455536,0.11035554111003876
1697842580019868000,1.312867919921875,9.797225952148438,0.4154169261455536,0.11035554111003876
1697842580029358000,1.322358154296875,9.797362327575684,0.41315069794654846,0.106713205575943
1697842580040278000,1.333278076171875,9.797371864318848,0.4138582646846771,0.10298311710357666
1697842580049837000,1.342837158203125,9.797505378723145,0.41178375482559204,0.09850618988275528
1697842580059775000,1.35277490234375,9.797636032104492,0.40967321395874023,0.0942627415060997
1697842580069564000,1.36256396484375,9.797760009765625,0.407941073179245,0.08877208828926086
1697842580079251000,1.3722509765625,9.797760963439941,0.40850088000297546,0.08592642098665237
1697842580089166000,1.382166015625,9.7977933883667,0.40811946988105774,0.08407700806856155
1697842580099174000,1.392173828125,9.797821998596191,0.40821826457977295,0.08021602034568787
1697842580109547000,1.402547119140625,9.797920227050781,0.40613579750061035,0.07874195277690887
1697842580119363000,1.412363037109375,9.797852516174316,0.4083053767681122,0.07589796185493469
1697842580129860000,1.422860107421875,9.797895431518555,0.40720564126968384,0.07622233033180237
1697842580139303000,1.432302978515625,9.797884941101074,0.40733861923217773,0.07696948200464249
1697842580149359000,1.442359130859375,9.797937393188477,0.4058228135108948,0.07821646332740784
1697842580159921000,1.4529208984375,9.797993659973145,0.40397652983665466,0.08062992244958878
1697842580169480000,1.46247998046875,9.798088073730469,0.4014417231082916,0.08187051117420197
1697842580179808000,1.47280810546875,9.798123359680176,0.4006379544734955,0.081641286611557
1697842580190360000,1.483360107421875,9.798188209533691,0.3990844488143921,0.08139336109161377
1697842580199206000,1.492205810546875,9.798158645629883,0.3994954228401184,0.08298959583044052
1697842580209848000,1.50284814453125,9.79809284210205,0.40078794956207275,0.08444494754076004
1697842580219361000,1.512361083984375,9.79802131652832,0.4018854796886444,0.08746986836194992
1697842580229483000,1.52248291015625,9.797951698303223,0.40329408645629883,0.08878877013921738
1697842580239797000,1.532796875,9.797760963439941,0.40791890025138855,0.08865609765052795
1697842580249957000,1.54295703125,9.797633171081543,0.4109245538711548,0.08895822614431381
1697842580259803000,1.552802978515625,9.797607421875,0.4114462435245514,0.08941192179918289
1697842580269967000,1.562967041015625,9.797560691833496,0.4128280580043793,0.0881972685456276
1697842580279274000,1.57227392578125,9.797538757324219,0.4138662815093994,0.08567143976688385
1697842580289897000,1.58289697265625,9.797569274902344,0.4131089448928833,0.08581878989934921
1697842580299759000,1.592759033203125,9.797500610351562,0.4147352874279022,0.08576735854148865
1697842580309799000,1.602798828125,9.797489166259766,0.4147072434425354,0.08719088137149811
1697842580320285000,1.613284912109375,9.797309875488281,0.4185314178466797,0.08910337090492249
1697842580330165000,1.6231650390625,9.797184944152832,0.42068204283714294,0.09263768047094345
1697842580340316000,1.63331591796875,9.7969331741333,0.42569851875305176,0.09625517576932907
1697842580349954000,1.6429541015625,9.796810150146484,0.4278537333011627,0.09915319830179214
1697842580360354000,1.65335400390625,9.7966947555542,0.42962154746055603,0.10287097841501236
1697842580370148000,1.663148193359375,9.796636581420898,0.43053728342056274,0.10458194464445114
1697842580380280000,1.673280029296875,9.796585083007812,0.4307311773300171,0.10853327810764313
1697842580390298000,1.683298095703125,9.796608924865723,0.42925119400024414,0.11220445483922958
1697842580399767000,1.69276708984375,9.796544075012207,0.4303288459777832,0.11365389078855515
1697842580410292000,1.7032919921875,9.7965726852417,0.42988795042037964,0.11295924335718155
1697842580419776000,1.71277587890625,9.796651840209961,0.428617924451828,0.11088469624519348
1697842580430303000,1.723302978515625,9.796577453613281,0.4306069016456604,0.10978206992149353
1697842580440295000,1.733294921875,9.796435356140137,0.43407297134399414,0.10872792452573776
1697842580449946000,1.742946044921875,9.796270370483398,0.4381065368652344,0.10736162215471268
1697842580459951000,1.752951171875,9.796111106872559,0.4414759874343872,0.10815591365098953
1697842580470498000,1.763498046875,9.795899391174316,0.445906400680542,0.1090836226940155
1697842580479526000,1.77252587890625,9.795695304870605,0.4499993324279785,0.11065047234296799
1697842580490626000,1.7836259765625,9.795555114746094,0.4529404640197754,0.11112417280673981
1697842580499331000,1.7923310546875,9.795413970947266,0.4559018611907959,0.11137984693050385
1697842580509601000,1.80260107421875,9.795324325561523,0.45765769481658936,0.11205431073904037
1697842580519507000,1.8125068359375,9.795162200927734,0.46094653010368347,0.11276376992464066
1697842580529595000,1.822594970703125,9.794986724853516,0.46480172872543335,0.11220578849315643
1697842580539192000,1.832192138671875,9.794819831848145,0.468661904335022,0.11071193963289261
1697842580549209000,1.842208984375,9.794593811035156,0.47364240884780884,0.10945262014865875
1697842580559529000,1.852529052734375,9.794243812561035,0.48111024498939514,0.10819526016712189
1697842580569185000,1.86218505859375,9.79387092590332,0.48887234926223755,0.10711465775966644
1697842580579151000,1.872151123046875,9.793489456176758,0.49635496735572815,0.10763780772686005
1697842580589121000,1.88212109375,9.793070793151855,0.504527747631073,0.1076764240860939
1697842580599368000,1.892367919921875,9.792815208435059,0.5099719166755676,0.10530927032232285
1697842580609481000,1.90248095703125,9.792637825012207,0.5136648416519165,0.10386046022176743
1697842580620073000,1.913072998046875,9.792511940002441,0.5166614055633545,0.10073646903038025
1697842580630189000,1.92318896484375,9.79240608215332,0.5190590023994446,0.09877967089414597
1697842580640169000,1.9331689453125,9.792323112487793,0.5207399725914001,0.09808532893657684
1697842580649650000,1.94264990234375,9.792238235473633,0.5225605368614197,0.09693042933940887
1697842580659899000,1.95289892578125,9.792168617248535,0.5239516496658325,0.09642554819583893
1697842580670017000,1.96301708984375,9.792092323303223,0.525795042514801,0.0940810814499855
1697842580679996000,1.972995849609375,9.792094230651855,0.5265334248542786,0.08965692669153214
1697842580689717000,1.982717041015625,9.792167663574219,0.5255475640296936,0.08739009499549866
1697842580700129000,1.99312890625,9.7921781539917,0.5263606309890747,0.08111070841550827
1697842580709390000,2.00239013671875,9.792311668395996,0.5246090888977051,0.07626688480377197
1697842580719244000,2.012244140625,9.79249095916748,0.5215717554092407,0.0740523636341095
1697842580730034000,2.023033935546875,9.79259967803955,0.5201504826545715,0.06939142942428589
1697842580739925000,2.032925048828125,9.792701721191406,0.5187673568725586,0.06528978049755096
1697842580750022000,2.04302197265625,9.792757987976074,0.5181931853294373,0.06120147183537483
1697842580759909000,2.0529091796875,9.79279899597168,0.5176990628242493,0.05877873674035072
1697842580770235000,2.06323486328125,9.792868614196777,0.5167283415794373,0.055598773062229156
1697842580779909000,2.0729091796875,9.792941093444824,0.5155473947525024,0.05375893414020538
1697842580789384000,2.082384033203125,9.793036460876465,0.5138351321220398,0.05284743010997772
1697842580800242000,2.093241943359375,9.793131828308105,0.5121207237243652,0.05181603878736496
1697842580810141000,2.103140869140625,9.793268203735352,0.509472131729126,0.052272532135248184
1697842580820098000,2.11309814453125,9.793414115905762,0.5067874789237976,0.05098464712500572
1697842580830307000,2.12330712890625,9.793474197387695,0.5058949589729309,0.048100654035806656
1697842580840296000,2.1332958984375,9.793723106384277,0.5013238191604614,0.0453629195690155
1697842580850269000,2.14326904296875,9.793784141540527,0.5002034306526184,0.04444742947816849
1697842580860319000,2.153319091796875,9.793953895568848,0.4971006214618683,0.04167896881699562
1697842580870237000,2.16323681640625,9.794123649597168,0.49398425221443176,0.038963720202445984
1697842580879566000,2.172566162109375,9.794235229492188,0.4919796586036682,0.03610463812947273
1697842580889620000,2.182619873046875,9.794317245483398,0.49054282903671265,0.0331907793879509
1697842580899660000,2.192659912109375,9.794404029846191,0.4891543388366699,0.027626221999526024
1697842580909622000,2.2026220703125,9.794498443603516,0.487562894821167,0.02173018641769886
1697842580919867000,2.212866943359375,9.794535636901855,0.4869827926158905,0.01741889864206314
1697842580929643000,2.22264306640625,9.794509887695312,0.48765018582344055,0.0123891057446599
1697842580939587000,2.232587158203125,9.794525146484375,0.4874192476272583,0.008740246295928955
1697842580949598000,2.242597900390625,9.794546127319336,0.48705872893333435,0.005418079439550638
1697842580959510000,2.252510009765625,9.794535636901855,0.4873006343841553,0.002708784071728587
1697842580969626000,2.262626220703125,9.79446029663086,0.48882216215133667,-0.0008401041268371046
1697842580979411000,2.272410888671875,9.794424057006836,0.48951682448387146,-0.004703812301158905
1697842580989687000,2.28268701171875,9.794331550598145,0.4913043975830078,-0.00883568823337555
1697842580999693000,2.292693115234375,9.79423713684082,0.49311283230781555,-0.011655366979539394
1697842581009363000,2.302363037109375,9.794183731079102,0.49418556690216064,-0.011590959504246712
1697842581019163000,2.312162841796875,9.794031143188477,0.4971952736377716,-0.01215964462608099
1697842581029134000,2.322134033203125,9.79404354095459,0.4969516694545746,-0.011888408102095127
1697842581039278000,2.332278076171875,9.793997764587402,0.49783971905708313,-0.012382438406348228
1697842581049112000,2.342112060546875,9.79397201538086,0.49825960397720337,-0.015547935850918293
1697842581059732000,2.35273193359375,9.79397964477539,0.4980771839618683,-0.016667440533638
1697842581069774000,2.362774169921875,9.793877601623535,0.5001072287559509,-0.01576714962720871
1697842581079776000,2.37277587890625,9.79384708404541,0.5007968544960022,-0.012710757553577423
1697842581089314000,2.38231396484375,9.793794631958008,0.5018315315246582,-0.011999978683888912
1697842581099739000,2.39273876953125,9.793831825256348,0.5011106133460999,-0.01141651626676321
1697842581109717000,2.402717041015625,9.793861389160156,0.5005675554275513,-0.010144450701773167
1697842581119420000,2.412419921875,9.793767929077148,0.5023847222328186,-0.010561579838395119
1697842581129715000,2.42271484375,9.793663024902344,0.5044388771057129,-0.009698862209916115
1697842581139637000,2.432636962890625,9.793627738952637,0.5051546096801758,-0.006922985892742872
1697842581149684000,2.44268408203125,9.793561935424805,0.5064744353294373,-0.004681289661675692
1697842581159794000,2.4527939453125,9.793487548828125,0.5079011917114258,-0.0037262358237057924
1697842581169867000,2.462866943359375,9.793572425842285,0.5062853097915649,-0.0028262364212423563
1697842581179777000,2.472777099609375,9.793619155883789,0.5053864121437073,-0.0008777692564763129
1697842581189633000,2.482633056640625,9.793652534484863,0.50472491979599,0.002424761187285185
1697842581199757000,2.492757080078125,9.793540000915527,0.5068702101707458,0.006342683453112841
1697842581209731000,2.50273095703125,9.793327331542969,0.5108789205551147,0.011187165044248104
1697842581219242000,2.512241943359375,9.793004989624023,0.5169331431388855,0.014840718358755112
1697842581229400000,2.522400146484375,9.792766571044922,0.5213018655776978,0.0187582578510046
1697842581239407000,2.532406982421875,9.792479515075684,0.5264530181884766,0.023968741297721863
1697842581250050000,2.543050048828125,9.792304992675781,0.5293931365013123,0.029766157269477844
1697842581259337000,2.5523369140625,9.792174339294434,0.5314183235168457,0.036013875156641006
1697842581269714000,2.5627138671875,9.79211711883545,0.5319603681564331,0.042972806841135025
1697842581279334000,2.572333984375,9.791975975036621,0.5339139699935913,0.05040633678436279
1697842581290089000,2.5830888671875,9.791815757751465,0.5363969802856445,0.05491959676146507
1697842581300554000,2.593553955078125,9.79162311553955,0.5394386053085327,0.05921044200658798
1697842581309493000,2.602492919921875,9.791452407836914,0.541914701461792,0.06468962132930756
1697842581320092000,2.613091796875,9.79126262664795,0.5449039340019226,0.06811835616827011
1697842581330287000,2.623287109375,9.791069030761719,0.5480804443359375,0.07046667486429214
1697842581340279000,2.633279052734375,9.790947914123535,0.5496677756309509,0.07484963536262512
1697842581350572000,2.643572021484375,9.79067325592041,0.5538442730903625,0.07980059087276459
1697842581360161000,2.6531611328125,9.790362358093262,0.5588634610176086,0.08283769339323044
1697842581369429000,2.662428955078125,9.790127754211426,0.5623098611831665,0.08718739449977875
1697842581379504000,2.672504150390625,9.789926528930664,0.5652058124542236,0.09091368317604065
1697842581390330000,2.683330078125,9.789822578430176,0.5664814710617065,0.09411891549825668
1697842581400730000,2.693730224609375,9.789754867553711,0.5670686364173889,0.09763068705797195
1697842581410480000,2.703480224609375,9.789616584777832,0.5683875679969788,0.1035681813955307
1697842581419939000,2.71293896484375,9.78935432434082,0.5717094540596008,0.10991421341896057
1697842581430417000,2.7234169921875,9.789060592651367,0.5753539800643921,0.11684786528348923
1697842581440287000,2.733286865234375,9.788727760314941,0.5794160962104797,0.12442249804735184
1697842581450572000,2.743572021484375,9.788415908813477,0.5831981897354126,0.13110007345676422
1697842581460283000,2.753282958984375,9.78805160522461,0.5877576470375061,0.13774529099464417
1697842581470135000,2.763135009765625,9.787707328796387,0.5918238759040833,0.14460985362529755
1697842581479898000,2.772898193359375,9.78732967376709,0.5964731574058533,0.15094107389450073
1697842581489500000,2.7825,9.786992073059082,0.6002590656280518,0.1577058881521225
1697842581500576000,2.793575927734375,9.786738395690918,0.6030052900314331,0.16285476088523865
1697842581510284000,2.803283935546875,9.786623001098633,0.6037366390228271,0.16704995930194855
1697842581520173000,2.813173095703125,9.786468505859375,0.6052212119102478,0.1706375628709793
1697842581530362000,2.823362060546875,9.786258697509766,0.6085178256034851,0.17097334563732147
1697842581540286000,2.833285888671875,9.785933494567871,0.6135113835334778,0.17173609137535095
1697842581550567000,2.84356689453125,9.785144805908203,0.6256076693534851,0.17309139668941498
1697842581559598000,2.85259814453125,9.78381061553955,0.645604133605957,0.17503102123737335
1697842581569718000,2.862718017578125,9.782438278198242,0.6630499958992004,0.18614929914474487
1697842581579703000,2.872703125,9.781024932861328,0.6817078590393066,0.1929212212562561
1697842581589726000,2.882725830078125,9.779513359069824,0.7033748030662537,0.1917242407798767
1697842581599814000,2.89281396484375,9.778176307678223,0.7210302948951721,0.19434401392936707
1697842581609760000,2.902760009765625,9.776686668395996,0.7388361692428589,0.2022491842508316
1697842581619821000,2.912821044921875,9.775318145751953,0.7550948858261108,0.20823663473129272
1697842581629694000,2.92269384765625,9.774216651916504,0.768855631351471,0.2096179723739624
1697842581639751000,2.9327509765625,9.773236274719238,0.7823507189750671,0.20533844828605652
1697842581649794000,2.9427939453125,9.772255897521973,0.7954866886138916,0.20148353278636932
1697842581659842000,2.952842041015625,9.770759582519531,0.8116211295127869,0.20958121120929718
1697842581669650000,2.96264990234375,9.769081115722656,0.8313779234886169,0.21037502586841583
1697842581679387000,2.972386962890625,9.767879486083984,0.8466547727584839,0.20517252385616302
1697842581689982000,2.98298193359375,9.76663875579834,0.8614311814308167,0.2026878297328949
1697842581699702000,2.992701904296875,9.765933990478516,0.8701133131980896,0.19959698617458344
1697842581709911000,3.0029111328125,9.765218734741211,0.8781120777130127,0.1995132863521576
1697842581719348000,3.012347900390625,9.764524459838867,0.8866291046142578,0.19580169022083282
1697842581729193000,3.02219287109375,9.764128684997559,0.8935214877128601,0.1838177740573883
1697842581739253000,3.0322529296875,9.764046669006348,0.8962829113006592,0.17450761795043945
1697842581749143000,3.04214306640625,9.764083862304688,0.8972830772399902,0.1671580672264099
1697842581759392000,3.05239208984375,9.763749122619629,0.9015787243843079,0.1635134220123291
1697842581769459000,3.062458984375,9.762336730957031,0.9167247414588928,0.1636534482240677
1697842581779686000,3.072685791015625,9.75998592376709,0.9420680999755859,0.1598978340625763
1697842581789764000,3.08276416015625,9.75732421875,0.9696502089500427,0.15746866166591644
1697842581799573000,3.092572998046875,9.75461196899414,0.9942035675048828,0.1717618703842163
1697842581809636000,3.102635986328125,9.752460479736328,1.0147480964660645,0.17375607788562775
1697842581819705000,3.112705078125,9.751267433166504,1.028640627861023,0.15834131836891174
1697842581829365000,3.122364990234375,9.749673843383789,1.042592167854309,0.1650555431842804
1697842581839561000,3.13256103515625,9.747969627380371,1.0560635328292847,0.17947255074977875
1697842581849639000,3.142638916015625,9.74702262878418,1.0643023252487183,0.18221253156661987
1697842581859647000,3.15264697265625,9.746977806091309,1.0646411180496216,0.1826244443655014
1697842581869714000,3.1627138671875,9.747570991516113,1.0596400499343872,0.1800486296415329
1697842581879943000,3.17294287109375,9.747820854187012,1.0588411092758179,0.17097769677639008
1697842581890169000,3.183169189453125,9.747220993041992,1.0657864809036255,0.16174620389938354
1697842581899769000,3.19276904296875,9.746362686157227,1.073460340499878,0.16275028884410858
1697842581909522000,3.20252197265625,9.7462797164917,1.074324131011963,0.1619609296321869
1697842581919294000,3.2122939453125,9.746919631958008,1.0694364309310913,0.15573643147945404
1697842581929354000,3.22235400390625,9.747687339782715,1.06313955783844,0.15068276226520538
1697842581939749000,3.2327490234375,9.748176574707031,1.0573333501815796,0.15964819490909576
1697842581949605000,3.242605224609375,9.748358726501465,1.0550096035003662,0.16384218633174896
1697842581959379000,3.25237890625,9.748970985412598,1.049931526184082,0.16001209616661072
1697842581969935000,3.26293505859375,9.749907493591309,1.0402652025222778,0.16597503423690796
1697842581979379000,3.27237890625,9.75153923034668,1.0236793756484985,0.17304770648479462
1697842581989221000,3.28222119140625,9.753872871398926,1.0007939338684082,0.17539383471012115
1697842581999463000,3.292462890625,9.755810737609863,0.9815200567245483,0.17651037871837616
1697842582011104000,3.30410400390625,9.756600379943848,0.9731506109237671,0.17919111251831055
1697842582019752000,3.312751953125,9.75680160522461,0.9703816175460815,0.18320363759994507
1697842582029297000,3.322296875,9.757425308227539,0.9628307819366455,0.18973274528980255
1697842582039529000,3.332529052734375,9.758724212646484,0.9497072696685791,0.1890876442193985
1697842582049142000,3.34214208984375,9.759955406188965,0.9363538026809692,0.19209405779838562
1697842582059609000,3.352609130859375,9.761524200439453,0.9175642132759094,0.2027912586927414
1697842582069835000,3.3628349609375,9.76351261138916,0.8940528631210327,0.21184538304805756
1697842582079623000,3.372622802734375,9.764972686767578,0.8756278157234192,0.22130218148231506
1697842582089917000,3.3829169921875,9.765201568603516,0.8705682754516602,0.23097573220729828
1697842582099242000,3.392241943359375,9.765122413635254,0.8709871172904968,0.23273396492004395
1697842582109935000,3.40293505859375,9.765396118164062,0.8680989146232605,0.23201844096183777
1697842582119670000,3.412669921875,9.766380310058594,0.8566263318061829,0.2332266867160797
1697842582129783000,3.422782958984375,9.767546653747559,0.8448032140731812,0.2274497151374817
1697842582139693000,3.432693115234375,9.767627716064453,0.8470146059989929,0.21542251110076904
1697842582149333000,3.4423330078125,9.767213821411133,0.8528786301612854,0.21099907159805298
1697842582159790000,3.4527900390625,9.766988754272461,0.8553404211997986,0.21143972873687744
1697842582169348000,3.46234814453125,9.766705513000488,0.858116865158081,0.21326592564582825
1697842582179168000,3.47216796875,9.766342163085938,0.8616288900375366,0.21574458479881287
1697842582189376000,3.4823759765625,9.766727447509766,0.8580556511878967,0.2124914675951004
1697842582199716000,3.492716064453125,9.767021179199219,0.8553130626678467,0.21007567644119263
1697842582209915000,3.502914794921875,9.766925811767578,0.8563134670257568,0.2104543298482895
1697842582219439000,3.512439208984375,9.766469955444336,0.8629469275474548,0.20442034304141998
1697842582229668000,3.522668212890625,9.765406608581543,0.8782519102096558,0.18944668769836426
1697842582240408000,3.533407958984375,9.76475715637207,0.8882225751876831,0.17599190771579742
1697842582249386000,3.542385986328125,9.76427173614502,0.8937355279922485,0.17498086392879486
1697842582259262000,3.552261962890625,9.763622283935547,0.9001646637916565,0.17825156450271606
1697842582269391000,3.56239111328125,9.763336181640625,0.903445839881897,0.17732515931129456
1697842582279249000,3.572248779296875,9.762977600097656,0.9072760343551636,0.17749519646167755
1697842582289343000,3.582343017578125,9.76203441619873,0.9158071875572205,0.1853853166103363
1697842582299991000,3.592990966796875,9.761540412902832,0.9195574522018433,0.19266489148139954
1697842582309554000,3.602553955078125,9.761850357055664,0.9183581471443176,0.18242552876472473
1697842582320482000,3.61348193359375,9.761857986450195,0.9198904633522034,0.17408446967601776
1697842582330767000,3.62376708984375,9.760379791259766,0.9339957237243652,0.18172383308410645
1697842582340143000,3.63314306640625,9.758728981018066,0.9508796334266663,0.18281079828739166
1697842582349636000,3.642635986328125,9.757513046264648,0.9629104137420654,0.18473094701766968
1697842582359380000,3.6523798828125,9.755992889404297,0.9772276282310486,0.1897931694984436
1697842582369636000,3.662635986328125,9.754019737243652,0.995288074016571,0.19718141853809357
1697842582380029000,3.67302880859375,9.754019737243652,0.995288074016571,0.19718141853809357
1697842582389322000,3.682322021484375,9.754637718200684,0.9894264936447144,0.1961062252521515
1697842582399710000,3.6927099609375,9.754218101501465,0.99311763048172,0.1983349323272705
1697842582409379000,3.702379150390625,9.752729415893555,1.0070935487747192,0.20106454193592072
1697842582419948000,3.712947998046875,9.751545906066895,1.0186843872070312,0.20006930828094482
1697842582430684000,3.723683837890625,9.750640869140625,1.0275765657424927,0.198700949549675
1697842582440288000,3.7332880859375,9.749820709228516,1.0354552268981934,0.19805070757865906
1697842582449989000,3.742989013671875,9.749034881591797,1.043157696723938,0.1962880790233612
1697842582459479000,3.75247900390625,9.74899673461914,1.0441513061523438,0.1928512006998062
1697842582470298000,3.763298095703125,9.749138832092285,1.0432192087173462,0.19071349501609802
1697842582479573000,3.772572998046875,9.749507904052734,1.0403376817703247,0.18754348158836365
1697842582490632000,3.7836318359375,9.749794960021973,1.038230299949646,0.1842905431985855
1697842582499956000,3.7929560546875,9.749920845031738,1.0373727083206177,0.1824866384267807
1697842582509477000,3.80247705078125,9.749894142150879,1.03801429271698,0.1802186667919159
1697842582520457000,3.81345703125,9.749932289123535,1.0385892391204834,0.17476153373718262
1697842582529596000,3.822595947265625,9.749676704406738,1.0418825149536133,0.16934217512607574
1697842582540686000,3.83368603515625,9.749680519104004,1.0426231622695923,0.16450046002864838
1697842582549488000,3.842488037109375,9.749571800231934,1.0434036254882812,0.16600508987903595
1697842582560306000,3.853305908203125,9.749103546142578,1.046215295791626,0.17548403143882751
1697842582570261000,3.863260986328125,9.749180793762207,1.0449161529541016,0.1789243519306183
1697842582580256000,3.873256103515625,9.749744415283203,1.0402311086654663,0.17547960579395294
1697842582590318000,3.883318115234375,9.75048828125,1.0343825817108154,0.16858407855033875
1697842582599782000,3.892781982421875,9.751054763793945,1.0293071269989014,0.16683997213840485
1697842582609482000,3.90248193359375,9.751359939575195,1.0264896154403687,0.16635365784168243
1697842582620446000,3.913446044921875,9.751784324645996,1.0234408378601074,0.1602099984884262
1697842582629577000,3.922576904296875,9.751952171325684,1.0219099521636963,0.15978355705738068
1697842582640426000,3.933426025390625,9.75170612335205,1.0238010883331299,0.1626221388578415
1697842582650318000,3.943318115234375,9.751606941223145,1.0247982740402222,0.16228793561458588
1697842582659314000,3.95231396484375,9.75171184539795,1.0238252878189087,0.16208630800247192
1697842582670587000,3.9635869140625,9.752053260803223,1.02079439163208,0.1607111245393753
1697842582679450000,3.9724501953125,9.752038955688477,1.0214835405349731,0.15716537833213806
1697842582689449000,3.982448974609375,9.752103805541992,1.0216996669769287,0.1516486555337906
1697842582699640000,3.99264013671875,9.752630233764648,1.017646312713623,0.1448541283607483
1697842582709569000,4.002569091796875,9.752670288085938,1.0170296430587769,0.1464962363243103
1697842582720512000,4.013511962890625,9.752039909362793,1.021952748298645,0.154032364487648
1697842582729556000,4.022555908203125,9.751611709594727,1.025435447692871,0.15789192914962769
1697842582740613000,4.033613037109375,9.752185821533203,1.020022988319397,0.15754033625125885
1697842582749991000,4.042990966796875,9.752882957458496,1.0124098062515259,0.16338182985782623
1697842582759430000,4.052429931640625,9.752842903137207,1.013792634010315,0.157093808054924
1697842582769554000,4.062553955078125,9.753031730651855,1.0115725994110107,0.15960271656513214
1697842582779516000,4.072515869140625,9.753480911254883,1.007356882095337,0.15884821116924286
1697842582790732000,4.08373193359375,9.753233909606934,1.0114631652832031,0.14751122891902924
1697842582800426000,4.093426025390625,9.751567840576172,1.0283620357513428,0.14068251848220825
1697842582810338000,4.103338134765625,9.751199722290039,1.0312126874923706,0.14521434903144836
1697842582819492000,4.1124921875,9.751548767089844,1.027079463005066,0.15101701021194458
1697842582829482000,4.12248193359375,9.751691818237305,1.026330590248108,0.1467280089855194
1697842582839835000,4.1328349609375,9.751209259033203,1.0317214727401733,0.14093977212905884
1697842582850133000,4.143133056640625,9.750465393066406,1.039658784866333,0.1338801085948944
1697842582859673000,4.152673095703125,9.7501220703125,1.0431777238845825,0.13146105408668518
1697842582870386000,4.163385986328125,9.749963760375977,1.0449529886245728,0.12909838557243347
1697842582880498000,4.173497802734375,9.74951457977295,1.0511962175369263,0.11110486090183258
1697842582890602000,4.18360205078125,9.748794555664062,1.0581098794937134,0.10860983282327652
1697842582899630000,4.192630126953125,9.74787425994873,1.0651389360427856,0.12172003835439682
1697842582909672000,4.202671875,9.746744155883789,1.0749531984329224,0.12591679394245148
1697842582919936000,4.21293603515625,9.745625495910645,1.0860559940338135,0.11686156690120697
1697842582930387000,4.223386962890625,9.745877265930176,1.0840041637420654,0.11486271768808365
1697842582939526000,4.23252587890625,9.746281623840332,1.0795856714248657,0.12197978049516678
1697842582950324000,4.243323974609375,9.746432304382324,1.0776854753494263,0.12664423882961273
1697842582959246000,4.25224609375,9.746247291564941,1.079605221748352,0.1245054304599762
1697842582970396000,4.26339599609375,9.746134757995605,1.0807623863220215,0.12330730259418488
1697842582979441000,4.27244091796875,9.74528980255127,1.0879460573196411,0.12686942517757416
1697842582989404000,4.28240380859375,9.744140625,1.097123384475708,0.1357906460762024
1697842583000203000,4.293203125,9.742536544799805,1.1108330488204956,0.13933581113815308
1697842583012121000,4.30512109375,9.741562843322754,1.119482159614563,0.13821808993816376
1697842583029114000,4.322114013671875,9.74070930480957,1.1268333196640015,0.138632670044899
1697842583039119000,4.332119140625,9.739692687988281,1.1361353397369385,0.13404686748981476
1697842583049123000,4.342123046875,9.73945426940918,1.1384886503219604,0.1313760131597519
1697842583059294000,4.3522939453125,9.739001274108887,1.142641544342041,0.12888525426387787
1697842583070372000,4.3633720703125,9.737930297851562,1.151789903640747,0.12839753925800323
1697842583079436000,4.37243603515625,9.736863136291504,1.1609034538269043,0.12721286714076996
1697842583090260000,4.383260009765625,9.735671997070312,1.1710628271102905,0.1252618432044983
1697842583099470000,4.392469970703125,9.734556198120117,1.1806378364562988,0.12208288162946701
1697842583109489000,4.402489013671875,9.733502388000488,1.1896064281463623,0.1189659908413887
1697842583120201000,4.413200927734375,9.73263931274414,1.1970369815826416,0.1149466335773468
1697842583129412000,4.422412109375,9.732207298278809,1.2009296417236328,0.11092884838581085
1697842583140042000,4.4330419921875,9.731988906860352,1.2030929327011108,0.10654518753290176
1697842583150336000,4.4433359375,9.731732368469238,1.2057379484176636,0.09984682500362396
1697842583159422000,4.452421875,9.731839179992676,1.2054057121276855,0.09322214871644974
1697842583170214000,4.4632138671875,9.732378005981445,1.2015485763549805,0.08655297011137009
1697842583179357000,4.47235693359375,9.733203887939453,1.1953959465026855,0.07853468507528305
1697842583189923000,4.482923095703125,9.735007286071777,1.1811505556106567,0.06995342671871185
1697842583199404000,4.492404052734375,9.737177848815918,1.163539171218872,0.06265830248594284
1697842583209443000,4.502443115234375,9.739809036254883,1.141530156135559,0.058407511562108994
1697842583219337000,4.5123369140625,9.743080139160156,1.1133209466934204,0.05727054178714752
1697842583229343000,4.522343017578125,9.746469497680664,1.0832562446594238,0.057234082370996475
1697842583240005000,4.533005126953125,9.749846458435059,1.0522193908691406,0.06085384264588356
1697842583249886000,4.542885986328125,9.753170013427734,1.0205315351486206,0.06767934560775757
1697842583259295000,4.552294921875,9.75605583190918,0.9921976923942566,0.07283128052949905
1697842583270266000,4.56326611328125,9.758807182312012,0.963922917842865,0.08319909125566483
1697842583279456000,4.5724560546875,9.759867668151855,0.9524917602539062,0.09010426700115204
1697842583289442000,4.582442138671875,9.761241912841797,0.9375218152999878,0.09790720045566559
1697842583300346000,4.59334619140625,9.762578010559082,0.9231488704681396,0.10124189406633377
1697842583309489000,4.602489013671875,9.763261795043945,0.9159956574440002,0.10029734671115875
1697842583320464000,4.6134638671875,9.763763427734375,0.9108779430389404,0.09797365218400955
1697842583329470000,4.622469970703125,9.764477729797363,0.9032741189002991,0.0972447544336319
1697842583340168000,4.63316796875,9.765213012695312,0.8952001929283142,0.0980505496263504
1697842583350151000,4.64315087890625,9.766074180603027,0.8853161931037903,0.10193992406129837
1697842583359486000,4.65248583984375,9.767192840576172,0.8713313937187195,0.11453618854284286
1697842583370348000,4.66334814453125,9.76833438873291,0.8559372425079346,0.13189134001731873
1697842583379272000,4.67227197265625,9.76960563659668,0.8390294313430786,0.14571191370487213
1697842583389524000,4.68252392578125,9.769814491271973,0.835178792476654,0.15361732244491577
1697842583399338000,4.692337890625,9.768329620361328,0.8513580560684204,0.15908442437648773
1697842583409783000,4.702782958984375,9.766923904418945,0.8665087819099426,0.1635456085205078
1697842583420573000,4.713572998046875,9.76553726196289,0.8818053007125854,0.16458919644355774
1697842583430073000,4.723072998046875,9.764863014221191,0.8907055854797363,0.15646390616893768
1697842583440246000,4.73324609375,9.763387680053711,0.9083663821220398,0.1467297226190567
1697842583450599000,4.743598876953125,9.76312255859375,0.9110620617866516,0.1476057767868042
1697842583460546000,4.753546142578125,9.762470245361328,0.9181630611419678,0.1467590183019638
1697842583470456000,4.7634560546875,9.762497901916504,0.9182751178741455,0.14418883621692657
1697842583479597000,4.77259716796875,9.762962341308594,0.9134782552719116,0.14323227107524872
1697842583489869000,4.782869140625,9.76345157623291,0.9093279838562012,0.13609495759010315
1697842583500456000,4.7934560546875,9.763371467590332,0.9114740490913391,0.12721367180347443
1697842583510450000,4.803449951171875,9.76451587677002,0.9010375142097473,0.1129075288772583
1697842583520297000,4.813296875,9.764716148376465,0.9000120162963867,0.1032898798584938
1697842583530094000,4.823093994140625,9.762646675109863,0.9226360321044922,0.09926146268844604
1697842583539510000,4.832510009765625,9.7625732421875,0.9234545826911926,0.09884952008724213
1697842583549712000,4.8427119140625,9.762794494628906,0.9212662577629089,0.09743848443031311
1697842583559527000,4.85252685546875,9.762603759765625,0.9234635829925537,0.09579360485076904
1697842583570229000,4.86322900390625,9.762660026550293,0.9230741858482361,0.0937797799706459
1697842583579276000,4.872276123046875,9.762506484985352,0.9251764416694641,0.08889222890138626
1697842583590185000,4.88318505859375,9.762164115905762,0.9294149279594421,0.0819377675652504
1697842583600717000,4.893717041015625,9.761589050292969,0.9360602498054504,0.07457560300827026
1697842583609768000,4.902767822265625,9.760640144348145,0.9462085366249084,0.07054956257343292
1697842583619576000,4.912576171875,9.759499549865723,0.9579272866249084,0.0701957494020462
1697842583629458000,4.9224580078125,9.758561134338379,0.967225193977356,0.07306037843227386
1697842583639954000,4.932953857421875,9.757608413696289,0.976350724697113,0.07875588536262512
1697842583650389000,4.943388916015625,9.756664276123047,0.9850805997848511,0.08666826784610748
1697842583659407000,4.952406982421875,9.755670547485352,0.9938928484916687,0.09725356101989746
1697842583669728000,4.96272802734375,9.754892349243164,1.0007896423339844,0.10437288880348206
1697842583679529000,4.972529052734375,9.754218101501465,1.0071794986724854,0.10586590319871902
1697842583690470000,4.983469970703125,9.753327369689941,1.016061544418335,0.10299301147460938
1697842583699209000,4.992208984375,9.752427101135254,1.0248721837997437,0.10093633830547333
1697842583710526000,5.00352587890625,9.75119400024414,1.0366913080215454,0.09938833862543106
1697842583720268000,5.01326806640625,9.749739646911621,1.050352931022644,0.09862404316663742
1697842583729432000,5.02243212890625,9.748167037963867,1.064806580543518,0.09904902428388596
1697842583739983000,5.032983154296875,9.746829986572266,1.076824426651001,0.10073032975196838
1697842583750448000,5.0434482421875,9.745856285095215,1.0853921175003052,0.10292761772871017
1697842583759509000,5.052509033203125,9.745136260986328,1.0917021036148071,0.1043570339679718
1697842583770464000,5.063464111328125,9.744619369506836,1.0961103439331055,0.10638455301523209
1697842583779364000,5.072364013671875,9.744397163391113,1.0978883504867554,0.10837043076753616
1697842583789913000,5.0829130859375,9.744189262390137,1.099565863609314,0.11007683724164963
1697842583800594000,5.093593994140625,9.743940353393555,1.1017513275146484,0.11024192720651627
1697842583809531000,5.10253076171875,9.743720054626465,1.1037101745605469,0.11016257852315903
1697842583820299000,5.113299072265625,9.743633270263672,1.104444146156311,0.11045746505260468
1697842583830096000,5.123095947265625,9.743721961975098,1.1036251783370972,0.11076375842094421
1697842583839505000,5.1325048828125,9.744032859802246,1.1008331775665283,0.11122578382492065
1697842583850146000,5.14314599609375,9.744390487670898,1.0975186824798584,0.11268997937440872
1697842583860343000,5.153343017578125,9.744766235351562,1.0940381288528442,0.11399079114198685
1697842583869635000,5.162635009765625,9.745038986206055,1.0915993452072144,0.11405725032091141
1697842583880277000,5.173277099609375,9.746728897094727,1.076724648475647,0.11105068773031235
1697842583890457000,5.18345703125,9.748838424682617,1.058158040046692,0.10407605767250061
1697842583900828000,5.193827880859375,9.750999450683594,1.0384626388549805,0.0999646782875061
1697842583910302000,5.203302001953125,9.753747940063477,1.0126049518585205,0.09707038104534149
1697842583919593000,5.212593017578125,9.754127502441406,1.0089870691299438,0.09654902666807175
1697842583929781000,5.222781005859375,9.754575729370117,1.0046708583831787,0.09629958122968674
1697842583939304000,5.232303955078125,9.755029678344727,1.0002732276916504,0.0961676612496376
1697842583950357000,5.24335693359375,9.759329795837402,0.9572796821594238,0.09738485515117645
1697842583959690000,5.25268994140625,9.762554168701172,0.9239679574966431,0.09601546823978424
1697842583969472000,5.262471923828125,9.76272964477539,0.9220718145370483,0.09636019170284271
1697842583980272000,5.273272216796875,9.762845039367676,0.920816957950592,0.09658917784690857
1697842583989859000,5.282859130859375,9.763043403625488,0.9186758399009705,0.09699469059705734
1697842584000908000,5.293907958984375,9.76799201965332,0.8633458614349365,0.10650993883609772
1697842584009193000,5.30219287109375,9.76799201965332,0.8633458614349365,0.10650993883609772
1697842584019182000,5.31218212890625,9.76799201965332,0.8633458614349365,0.10650993883609772
1697842584029425000,5.3224248046875,9.770739555358887,0.8316561579704285,0.10666454583406448
1697842584039606000,5.33260595703125,9.77273178100586,0.8082767128944397,0.10386376827955246
1697842584049169000,5.3421689453125,9.772736549377441,0.8084976673126221,0.10168372094631195
1697842584059249000,5.352248779296875,9.772697448730469,0.809195876121521,0.09988240897655487
1697842584069328000,5.362327880859375,9.773780822753906,0.7963422536849976,0.097111776471138
1697842584079388000,5.372387939453125,9.774593353271484,0.7867680788040161,0.09336429834365845
1697842584089326000,5.382326171875,9.775285720825195,0.778207004070282,0.0925719365477562
1697842584099705000,5.392705078125,9.77599811553955,0.7690250873565674,0.09411759674549103
1697842584109226000,5.40222607421875,9.776873588562012,0.7580319046974182,0.09221731871366501
1697842584119728000,5.41272802734375,9.776945114135742,0.7573391795158386,0.09039835631847382
1697842584129455000,5.422455078125,9.777017593383789,0.7565819621086121,0.08884809911251068
1697842584139376000,5.432376220703125,9.777074813842773,0.7560173869132996,0.08737820386886597
1697842584149635000,5.442635009765625,9.77706241607666,0.7563411593437195,0.08598171174526215
1697842584159256000,5.452256103515625,9.781270980834961,0.7005959153175354,0.07932659983634949
1697842584169712000,5.462712158203125,9.785172462463379,0.6438645124435425,0.07890954613685608
1697842584179468000,5.472468017578125,9.788644790649414,0.5903347730636597,0.06583338975906372
1697842584189687000,5.48268701171875,9.79193115234375,0.5354959964752197,0.041490864008665085
1697842584200194000,5.493194091796875,9.791872024536133,0.5365674495697021,0.041621413081884384
1697842584209384000,5.502384033203125,9.791793823242188,0.5379563570022583,0.042019616812467575
1697842584220429000,5.513428955078125,9.79172420501709,0.539179801940918,0.04243128374218941
1697842584229612000,5.522612060546875,9.794167518615723,0.4937950372695923,0.02875809371471405
1697842584240016000,5.533015869140625,9.796201705932617,0.4518737494945526,0.025441735982894897
1697842584249473000,5.54247314453125,9.797815322875977,0.415534645318985,0.023326972499489784
1697842584259388000,5.552387939453125,9.798163414001465,0.4075382351875305,0.01726820133626461
1697842584270426000,5.563426025390625,9.798407554626465,0.40194740891456604,0.0066825831308960915
1697842584279345000,5.572344970703125,9.798498153686523,0.3997637927532196,0.0007535400800406933
1697842584289443000,5.582443115234375,9.79859733581543,0.39733240008354187,-0.0005630954983644187
1697842584300433000,5.593432861328125,9.798445701599121,0.4010748863220215,0.0006291464669629931
1697842584309541000,5.602541015625,9.79826545715332,0.4054360091686249,0.0016566994599997997
1697842584319364000,5.612364013671875,9.798053741455078,0.4105075001716614,0.002353084273636341
1697842584329539000,5.6225390625,9.797794342041016,0.41666319966316223,0.00167494744528085
1697842584339858000,5.63285791015625,9.797554016113281,0.4222603738307953,0.0024562159087508917
1697842584350568000,5.64356787109375,9.797341346740723,0.4271841049194336,0.002965663094073534
1697842584359459000,5.652458984375,9.796778678894043,0.4398002326488495,-0.009733147919178009
1697842584370624000,5.6636240234375,9.796598434448242,0.44379255175590515,-0.009143146686255932
1697842584379828000,5.672827880859375,9.796445846557617,0.44717299938201904,-0.008390519767999649
1697842584389477000,5.68247705078125,9.796274185180664,0.4509374797344208,-0.007586601190268993
1697842584400268000,5.69326806640625,9.796077728271484,0.45517727732658386,-0.0075614117085933685
1697842584409469000,5.702468994140625,9.795879364013672,0.45943135023117065,-0.006779120769351721
1697842584419401000,5.71240087890625,9.79574203491211,0.4623665511608124,-0.007045680657029152
1697842584429943000,5.722943115234375,9.795605659484863,0.4652274549007416,-0.0076858969405293465
1697842584439545000,5.732545166015625,9.795495986938477,0.4675115644931793,-0.00854024849832058
1697842584450603000,5.74360302734375,9.795428276062012,0.46891340613365173,-0.009395422413945198
1697842584459461000,5.752461181640625,9.795417785644531,0.46914538741111755,-0.00931240152567625
1697842584470467000,5.763467041015625,9.79549789428711,0.4674343764781952,-0.01010932493954897
1697842584479440000,5.77243994140625,9.79563045501709,0.4646291136741638,-0.011162705719470978
1697842584489447000,5.782447021484375,9.795832633972168,0.46033570170402527,-0.012122180312871933
1697842584500566000,5.79356591796875,9.796050071716309,0.45566076040267944,-0.012879300862550735
1697842584509452000,5.8024521484375,9.796259880065918,0.4510783851146698,-0.014056107960641384
1697842584520535000,5.81353515625,9.796465873718262,0.4465535283088684,-0.01544529665261507
1697842584529561000,5.82256103515625,9.797489166259766,0.4236074686050415,-0.01254228688776493
1697842584539381000,5.832381103515625,9.79772663116455,0.41803672909736633,-0.01331316214054823
1697842584549156000,5.842156005859375,9.79798412322998,0.4119631052017212,-0.013707038946449757
1697842584559302000,5.852302001953125,9.798283576965332,0.4047469198703766,-0.013794753700494766
1697842584569155000,5.862155029296875,9.798595428466797,0.3971475660800934,-0.013634082861244678
1697842584579355000,5.87235498046875,9.798933982849121,0.3887479305267334,-0.01275561936199665
1697842584589685000,5.88268505859375,9.799245834350586,0.38083863258361816,-0.011806775815784931
1697842584599470000,5.892469970703125,9.799522399902344,0.3736710846424103,-0.010905936360359192
1697842584609131000,5.902131103515625,9.799798011779785,0.3663893938064575,-0.010042177513241768
1697842584619127000,5.912126953125,9.800061225891113,0.3593156337738037,-0.00950748659670353
1697842584629169000,5.9221689453125,9.80028247833252,0.3532145619392395,-0.009463976137340069
1697842584639365000,5.932365234375,9.800451278686523,0.348486989736557,-0.010102237574756145
1697842584650106000,5.943106201171875,9.80059814453125,0.3443312644958496,-0.009947356767952442
1697842584659963000,5.952962890625,9.80073356628418,0.34047040343284607,-0.009479483589529991
1697842584669773000,5.96277294921875,9.801077842712402,0.33041590452194214,-0.00954204611480236
1697842584680446000,5.973446044921875,9.801466941833496,0.3186447322368622,-0.009363474324345589
1697842584689402000,5.982402099609375,9.801811218261719,0.30790790915489197,-0.00911538116633892
1697842584699663000,5.9926630859375,9.802109718322754,0.29824915528297424,-0.008157733827829361
1697842584709409000,6.002408935546875,9.80235481262207,0.29007282853126526,-0.009333197958767414
1697842584720279000,6.013279052734375,9.802611351013184,0.28117835521698,-0.01169661246240139
1697842584729500000,6.0225,9.802823066711426,0.27348580956459045,-0.01621771603822708
1697842584739918000,6.03291796875,9.803082466125488,0.26396381855010986,-0.016906728968024254
1697842584750407000,6.043406982421875,9.803272247314453,0.2567794620990753,-0.01752430386841297
1697842584759655000,6.052655029296875,9.803472518920898,0.2488754391670227,-0.019470561295747757
1697842584770437000,6.06343701171875,9.803701400756836,0.23953722417354584,-0.021270405501127243
1697842584779473000,6.072472900390625,9.803908348083496,0.23117859661579132,-0.01772041991353035
1697842584790104000,6.08310400390625,9.804121971130371,0.22209297120571136,-0.01614881493151188
1697842584800295000,6.093294921875,9.80428409576416,0.2146662473678589,-0.018136892467737198
1697842584809397000,6.10239697265625,9.804190635681152,0.21885991096496582,-0.018356088548898697
1697842584820361000,6.11336083984375,9.804118156433105,0.2220669537782669,-0.018548715859651566
1697842584830143000,6.12314306640625,9.804632186889648,0.19801834225654602,-0.01931161805987358
1697842584839414000,6.1324140625,9.805084228515625,0.17371858656406403,-0.02304021827876568
1697842584850381000,6.143381103515625,9.805465698242188,0.1504392772912979,-0.024324193596839905
1697842584859420000,6.152419921875,9.80574893951416,0.12962371110916138,-0.02966790646314621
1697842584870212000,6.163212158203125,9.805891990661621,0.11958830058574677,-0.02379211038351059
1697842584880428000,6.173427978515625,9.805930137634277,0.11654719710350037,-0.02328413352370262
1697842584890461000,6.1834609375,9.805959701538086,0.11388895660638809,-0.02406040020287037
1697842584899832000,6.19283203125,9.80614948272705,0.09657743573188782,-0.022104991599917412
1697842584910304000,6.203303955078125,9.806108474731445,0.10085663944482803,-0.021366219967603683
1697842584919320000,6.212320068359375,9.806058883666992,0.1056225374341011,-0.02122347801923752
1697842584929758000,6.222758056640625,9.80600357055664,0.11065695434808731,-0.021078338846564293
1697842584939637000,6.232636962890625,9.806058883666992,0.10544305294752121,-0.021632354706525803
1697842584949227000,6.24222705078125,9.806183815002441,0.0951526015996933,-0.009703269228339195
1697842584959219000,6.252218994140625,9.806204795837402,0.09310078620910645,-0.008602007292211056
1697842584969485000,6.262485107421875,9.80623722076416,0.08949802070856094,-0.009440145455300808
1697842584979469000,6.272468994140625,9.806330680847168,0.07911794632673264,0.0014616153202950954
1697842584989933000,6.28293310546875,9.806379318237305,0.07219856232404709,0.010005147196352482
1697842584999216000,6.292216064453125,9.806403160095215,0.06860103458166122,0.011477569118142128
1697842585009638000,6.302637939453125,9.806428909301758,0.06532396376132965,0.008803521282970905
1697842585019792000,6.3127919921875,9.806459426879883,0.060508228838443756,0.008453123271465302
1697842585029207000,6.32220703125,9.806486129760742,0.05602530390024185,0.008765419945120811
1697842585039192000,6.332192138671875,9.806523323059082,0.04975179582834244,0.004348961636424065
1697842585049121000,6.34212109375,9.806544303894043,0.04553524777293205,0.0003199618076905608
1697842585059278000,6.352278076171875,9.806585311889648,0.035596150904893875,0.0011889963643625379
1697842585069533000,6.362532958984375,9.80657958984375,0.03718848526477814,0.0017882739193737507
1697842585079317000,6.37231689453125,9.806574821472168,0.038436587899923325,0.0023081754334270954
1697842585089298000,6.3822978515625,9.806574821472168,0.03845258429646492,0.0013033468276262283
1697842585100172000,6.393172119140625,9.80659294128418,0.03348875790834427,-0.0014751129783689976
1697842585109417000,6.4024169921875,9.80661678314209,0.025526193901896477,0.0003320324176456779
1697842585120048000,6.413048095703125,9.806626319885254,0.021734436973929405,0.0018005557358264923
1697842585129860000,6.422860107421875,9.806625366210938,0.022118370980024338,0.0011846204288303852
1697842585139266000,6.43226611328125,9.806624412536621,0.02136848494410515,-0.006940435618162155
1697842585149868000,6.442867919921875,9.806632041931152,0.017817499116063118,-0.005418501328676939
1697842585159227000,6.452226806640625,9.806638717651367,0.015269709751009941,-0.0010293521918356419
1697842585169621000,6.46262109375,9.806641578674316,0.012497610412538052,-0.0028073815628886223
1697842585179739000,6.47273876953125,9.806642532348633,0.009487690404057503,-0.0073875728994607925
1697842585189424000,6.482424072265625,9.806645393371582,0.005380888469517231,-0.008230811916291714
1697842585200242000,6.493241943359375,9.806646347045898,0.005309822503477335,-0.006960710510611534
1697842585209401000,6.502401123046875,9.806647300720215,0.0051218499429523945,-0.006292771082371473
1697842585219984000,6.51298388671875,9.806647300720215,0.0051191141828894615,-0.0063183666206896305
1697842585229771000,6.52277099609375,9.806648254394531,0.002283402718603611,-0.004703989718109369
1697842585239720000,6.532719970703125,9.806650161743164,0.00021346277208067477,-0.0009578556637279689
1697842585250343000,6.543343017578125,9.806649208068848,-0.002027952577918768,-0.001568102976307273
1697842585259410000,6.552409912109375,9.806649208068848,-0.002887037117034197,-0.0023651663213968277
1697842585270188000,6.56318798828125,9.806648254394531,-0.0052400920540094376,-0.0027357335202395916
1697842585279658000,6.572657958984375,9.806648254394531,-0.005004364997148514,-0.002024782821536064
1697842585289366000,6.582365966796875,9.806649208068848,-0.005066528916358948,-0.0012837543617933989
1697842585299775000,6.59277490234375,9.806649208068848,-0.004420657642185688,-0.00110575498547405
1697842585309363000,6.602363037109375,9.806649208068848,-0.003167959162965417,-0.001166670466773212
1697842585320076000,6.613075927734375,9.806650161743164,-0.0020784640219062567,-0.0009934846311807632
1697842585329582000,6.62258203125,9.806649208068848,-0.002787090605124831,-0.0011704110074788332
1697842585339548000,6.6325478515625,9.806650161743164,-0.0011659387964755297,-0.0009459930588491261
1697842585350162000,6.643161865234375,9.806650161743164,0.00011084375000791624,-0.000276886741630733
1697842585359408000,6.652408203125,9.806650161743164,0.0011560714337974787,0.0005836316850036383
1697842585370052000,6.663052001953125,9.806646347045898,-0.002524795476347208,0.008230557665228844
1697842585379651000,6.672651123046875,9.806646347045898,-0.003531260881572962,0.008071786724030972
1697842585389401000,6.682401123046875,9.806648254394531,-0.0027920131105929613,0.006770300213247538
1697842585400046000,6.693046142578125,9.806640625,-0.0035029768478125334,0.013416873291134834
1697842585409454000,6.7024541015625,9.806641578674316,-0.0023329975083470345,0.01313886046409607
1697842585420148000,6.71314794921875,9.806642532348633,-0.0002751522697508335,0.011858346872031689
1697842585429764000,6.72276416015625,9.806644439697266,-0.0005353364394977689,0.010651246644556522
1697842585439903000,6.732903076171875,9.80663776397705,0.00013425451470538974,0.015818975865840912
1697842585450428000,6.743427978515625,9.80663776397705,0.0028896210715174675,0.01582283526659012
1697842585459464000,6.7524638671875,9.806641578674316,0.0069100684486329556,0.01122135017067194
1697842585470284000,6.763283935546875,9.806638717651367,0.009557650424540043,0.011156629770994186
1697842585479728000,6.77272802734375,9.80663776397705,0.011379941366612911,0.011516681872308254
1697842585489860000,6.782860107421875,9.806632995605469,0.012121746316552162,0.013519621454179287
1697842585499361000,6.792361083984375,9.80663013458252,0.01400727592408657,0.013781481422483921
1697842585509378000,6.8023779296875,9.806629180908203,0.015767788514494896,0.012967017479240894
1697842585519990000,6.812989990234375,9.806625366210938,0.015820277854800224,0.015161813236773014
1697842585529720000,6.822719970703125,9.806620597839355,0.016032807528972626,0.01786140725016594
1697842585539297000,6.832297119140625,9.806622505187988,0.01752893067896366,0.015649378299713135
1697842585549633000,6.842633056640625,9.806636810302734,0.014307728037238121,0.007661681156605482
1697842585560104000,6.85310400390625,9.80664348602295,0.00862620398402214,0.006687156390398741
1697842585569523000,6.86252294921875,9.806641578674316,0.010683463886380196,0.007367883808910847
1697842585579334000,6.872333984375,9.806641578674316,0.010683463886380196,0.007367883808910847
1697842585589446000,6.88244580078125,9.806636810302734,0.013966348022222519,0.007757356856018305
1697842585599138000,6.892137939453125,9.806646347045898,0.006009421311318874,0.005835459101945162
1697842585609207000,6.90220703125,9.806646347045898,0.006646318826824427,0.0061794668436050415
1697842585619182000,6.91218212890625,9.806645393371582,0.007436278276145458,0.006297934800386429
1697842585629149000,6.92214892578125,9.806644439697266,0.008863153867423534,0.005760397296398878
1697842585639218000,6.932218017578125,9.80664348602295,0.009637574665248394,0.005518882069736719
1697842585649703000,6.942702880859375,9.80664348602295,0.010419833473861217,0.005634702276438475
1697842585659253000,6.9522529296875,9.806641578674316,0.01120750606060028,0.005690441932529211
1697842585669326000,6.962326171875,9.806640625,0.012062709778547287,0.005422788672149181
1697842585679474000,6.972473876953125,9.806641578674316,0.011414059437811375,0.005906541366130114
1697842585689232000,6.98223193359375,9.806642532348633,0.010456917807459831,0.006081925239413977
1697842585699208000,6.9922080078125,9.80664348602295,0.009860433638095856,0.005538604687899351
1697842585709481000,7.00248095703125,9.806644439697266,0.008297139778733253,0.005775481462478638
1697842585720073000,7.013072998046875,9.806646347045898,0.006538964807987213,0.005589784123003483
1697842585729636000,7.022635986328125,9.806647300720215,0.004115310497581959,0.005906305741518736
1697842585739453000,7.032452880859375,9.806648254394531,0.0016710702329874039,0.005738177802413702
1697842585750176000,7.043176025390625,9.806648254394531,-0.0014141410356387496,0.00567755987867713
1697842585759553000,7.052552978515625,9.806648254394531,-0.004726376850157976,0.005377836059778929
1697842585770147000,7.06314697265625,9.806644439697266,-0.008793780580163002,0.005082303658127785
1697842585779952000,7.0729521484375,9.806640625,-0.012770083732903004,0.004666380118578672
1697842585789653000,7.082653076171875,9.806634902954102,-0.016792424023151398,0.004736891482025385
1697842585800014000,7.09301416015625,9.805265426635742,-0.16409583389759064,0.014965294860303402
1697842585810025000,7.10302490234375,9.801668167114258,-0.31240594387054443,0.010039236396551132
1697842585819717000,7.112717041015625,9.801511764526367,-0.3172394037246704,0.010701910592615604
1697842585829591000,7.122591064453125,9.801351547241211,-0.32213282585144043,0.011336016468703747
1697842585839703000,7.132703125,9.801169395446777,-0.32760515809059143,0.01194106973707676
1697842585849709000,7.142708984375,9.800983428955078,-0.3330534100532532,0.013178146444261074
1697842585859243000,7.152242919921875,9.800811767578125,-0.3380752205848694,0.01394692063331604
1697842585869995000,7.1629951171875,9.800625801086426,-0.343366801738739,0.01464874017983675
1697842585879426000,7.172426025390625,9.800453186035156,-0.3482343256473541,0.015493483282625675
1697842585889851000,7.182850830078125,9.800274848937988,-0.35315361618995667,0.016565605998039246
1697842585899943000,7.19294287109375,9.80014419555664,-0.35673999786376953,0.017146913334727287
1697842585909859000,7.202859130859375,9.800004959106445,-0.36049211025238037,0.018155159428715706
1697842585919677000,7.212677001953125,9.799883842468262,-0.36373788118362427,0.01905764266848564
1697842585929131000,7.222131103515625,9.79859447479248,-0.3967822790145874,0.022375918924808502
1697842585939304000,7.232303955078125,9.798502922058105,-0.3990156054496765,0.02264264225959778
1697842585949526000,7.242526123046875,9.79842758178711,-0.4008711874485016,0.02233808860182762
1697842585959783000,7.252782958984375,9.796745300292969,-0.4399615228176117,0.024684250354766846
1697842585969220000,7.26222021484375,9.796632766723633,-0.44249850511550903,0.023847050964832306
1697842585979244000,7.272244140625,9.796490669250488,-0.4456791579723358,0.02294730767607689
1697842585990348000,7.28334814453125,9.796341896057129,-0.44897371530532837,0.022136228159070015
1697842585999379000,7.29237890625,9.796238899230957,-0.4512747526168823,0.020945684984326363
1697842586009658000,7.302658203125,9.796172142028809,-0.4527514576911926,0.020225517451763153
1697842586025065000,7.31806494140625,9.796086311340332,-0.4546816051006317,0.0182811226695776
1697842586039163000,7.332162841796875,9.795981407165527,-0.45700976252555847,0.016702018678188324
1697842586049155000,7.342155029296875,9.795981407165527,-0.45700976252555847,0.016702018678188324
1697842586059193000,7.352193115234375,9.795981407165527,-0.45700976252555847,0.016702018678188324
1697842586069077000,7.362076904296875,9.795981407165527,-0.45700976252555847,0.016702018678188324
1697842586079413000,7.3724130859375,9.795981407165527,-0.45700976252555847,0.016702018678188324
1697842586089206000,7.3822060546875,9.795981407165527,-0.45700976252555847,0.016702018678188324
1697842586099178000,7.392177978515625,9.795981407165527,-0.45700976252555847,0.016702018678188324
1697842586109898000,7.40289794921875,9.796767234802246,-0.4400641918182373,0.008562278002500534
1697842586119909000,7.4129091796875,9.796767234802246,-0.4400641918182373,0.008562278002500534
1697842586129967000,7.422967041015625,9.796767234802246,-0.4400641918182373,0.008562278002500534
1697842586140123000,7.433122802734375,9.796767234802246,-0.4400641918182373,0.008562278002500534
1697842586149979000,7.442978759765625,9.796767234802246,-0.4400641918182373,0.008562278002500534
1697842586159271000,7.45227099609375,9.796767234802246,-0.4400641918182373,0.008562278002500534
1697842586170023000,7.46302294921875,9.797017097473145,-0.43447038531303406,0.008807173930108547
1697842586179694000,7.472694091796875,9.797115325927734,-0.43227678537368774,0.007968330755829811
1697842586189639000,7.482638916015625,9.797201156616211,-0.43032070994377136,0.008060264401137829
1697842586199177000,7.492177001953125,9.79729175567627,-0.42822760343551636,0.008671564981341362
1697842586209319000,7.50231884765625,9.797430992126465,-0.4250311553478241,0.00911916233599186
1697842586219586000,7.5125859375,9.797508239746094,-0.4232093393802643,0.010562091134488583
1697842586229436000,7.522435791015625,9.797642707824707,-0.4200451076030731,0.011996033601462841
1697842586240048000,7.533048095703125,9.797727584838867,-0.41802188754081726,0.01348095666617155
1697842586250260000,7.543260009765625,9.797830581665039,-0.4155305027961731,0.015509922988712788
1697842586260438000,7.55343798828125,9.797930717468262,-0.413117915391922,0.01649734564125538
1697842586269640000,7.562639892578125,9.798039436340332,-0.41047221422195435,0.017771128565073013
1697842586279425000,7.572425048828125,9.798181533813477,-0.40702712535858154,0.018817787989974022
1697842586290071000,7.583071044921875,9.79837417602539,-0.40228721499443054,0.02012139931321144
1697842586299771000,7.59277099609375,9.798521041870117,-0.39863792061805725,0.021460702642798424
1697842586309495000,7.6024951171875,9.798661231994629,-0.39512839913368225,0.022214462980628014
1697842586319996000,7.612995849609375,9.791890144348145,-0.5376702547073364,0.013467658311128616
1697842586329458000,7.6224580078125,9.792037963867188,-0.5349621772766113,0.013959935866296291
1697842586340036000,7.6330361328125,9.792204856872559,-0.5318649411201477,0.0152721693739295
1697842586350059000,7.64305908203125,9.792407989501953,-0.5280816555023193,0.016225121915340424
1697842586360350000,7.653349853515625,9.79261302947998,-0.5242501497268677,0.01676894724369049
1697842586369367000,7.662366943359375,9.792798042297363,-0.5207242369651794,0.018393900245428085
1697842586380208000,7.6732080078125,9.793011665344238,-0.5166638493537903,0.019301004707813263
1697842586389566000,7.68256591796875,9.793179512023926,-0.5133940577507019,0.02102738991379738
1697842586400122000,7.6931220703125,9.793329238891602,-0.5104302167892456,0.023306002840399742
1697842586410101000,7.70310107421875,9.79352855682373,-0.5065321922302246,0.024777553975582123
1697842586420094000,7.713093994140625,9.793742179870605,-0.5023064017295837,0.026241397485136986
1697842586430096000,7.723095947265625,9.793959617614746,-0.4979514181613922,0.028050603345036507
1697842586440058000,7.73305810546875,9.79420280456543,-0.49306437373161316,0.0296366848051548
1697842586450434000,7.74343408203125,9.794395446777344,-0.48910877108573914,0.031142432242631912
1697842586460102000,7.753101806640625,9.794600486755371,-0.4848438799381256,0.03346261754631996
1697842586469408000,7.762407958984375,9.794851303100586,-0.4796082079410553,0.03539002314209938
1697842586480212000,7.7732119140625,9.795022964477539,-0.4758824408054352,0.038014087826013565
1697842586489441000,7.78244091796875,9.795186996459961,-0.47221723198890686,0.04133523255586624
1697842586500429000,7.793428955078125,9.795352935791016,-0.4683922231197357,0.045418355613946915
1697842586509456000,7.802455810546875,9.795528411865234,-0.46441173553466797,0.04825655743479729
1697842586520233000,7.81323291015625,9.7957181930542,-0.4599620997905731,0.05216541886329651
1697842586530528000,7.823528076171875,9.795891761779785,-0.455848753452301,0.05562010779976845
1697842586539603000,7.83260302734375,9.796080589294434,-0.4514942467212677,0.057942576706409454
1697842586549932000,7.84293212890625,9.796222686767578,-0.44792401790618896,0.06147639825940132
1697842586559465000,7.85246484375,9.79636001586914,-0.44453856348991394,0.06394947320222855
1697842586569358000,7.862358154296875,9.796491622924805,-0.44138088822364807,0.06576769798994064
1697842586580520000,7.87352001953125,9.796560287475586,-0.4394117295742035,0.06862004101276398
1697842586589487000,7.882487060546875,9.796730995178223,-0.4354466497898102,0.06943371146917343
1697842586600610000,7.893610107421875,9.796836853027344,-0.4328644871711731,0.07079135626554489
1697842586610075000,7.903074951171875,9.796989440917969,-0.4292212724685669,0.07178853452205658
1697842586620376000,7.9133759765625,9.797158241271973,-0.4251392185688019,0.07301871478557587
1697842586629646000,7.92264599609375,9.797374725341797,-0.41990920901298523,0.07421928644180298
1697842586640130000,7.933130126953125,9.79760456085205,-0.4143757224082947,0.07505029439926147
1697842586650218000,7.943218017578125,9.797780990600586,-0.4100431501865387,0.07583039253950119
1697842586659473000,7.952472900390625,9.79797077178955,-0.4052993655204773,0.07671091705560684
1697842586670384000,7.963384033203125,9.79806900024414,-0.4026584029197693,0.07805457711219788
1697842586680209000,7.973208984375,9.798232078552246,-0.3986758291721344,0.07814560830593109
1697842586690107000,7.98310693359375,9.791532516479492,-0.5374777317047119,0.08596055954694748
1697842586700248000,7.993248046875,9.791666984558105,-0.5349395275115967,0.08648976683616638
1697842586709596000,8.002595947265625,9.791814804077148,-0.5322569012641907,0.08629967272281647
1697842586720310000,8.01331005859375,9.79200267791748,-0.5288163423538208,0.08616676926612854
1697842586730214000,8.0232138671875,9.79220199584961,-0.525287389755249,0.0851084515452385
1697842586740113000,8.03311279296875,9.792365074157715,-0.5223339200019836,0.08448281139135361
1697842586750294000,8.0432939453125,9.792531967163086,-0.51933753490448,0.0836506187915802
1697842586760221000,8.053220947265626,9.792686462402344,-0.5167089700698853,0.08176518976688385
1697842586770317000,8.063317138671875,9.792853355407715,-0.5138664245605469,0.07973090559244156
1697842586779600000,8.072599853515625,9.793071746826172,-0.5100001096725464,0.07767090201377869
1697842586790425000,8.083425048828126,9.79321575164795,-0.5075619220733643,0.07537256181240082
1697842586800494000,8.093494140625,9.793365478515625,-0.5051011443138123,0.07250857353210449
1697842586810339000,8.103339111328125,9.793468475341797,-0.5036086440086365,0.06880640983581543
1697842586819484000,8.11248388671875,9.79364013671875,-0.5010204315185547,0.06313570588827133
1697842586830376000,8.1233759765625,9.793787956237793,-0.49858635663986206,0.05930330976843834
1697842586840437000,8.13343701171875,9.794015884399414,-0.49447163939476013,0.05599433183670044
1697842586850224000,8.14322412109375,9.794198989868164,-0.4912419319152832,0.05231131240725517
1697842586859961000,8.152961181640626,9.794386863708496,-0.48797935247421265,0.04734199866652489
1697842586870274000,8.163274169921875,9.794440269470215,-0.4873269498348236,0.042969319969415665
1697842586879888000,8.172887939453124,9.794504165649414,-0.4862677752971649,0.040285177528858185
1697842586890721000,8.183720947265625,9.794561386108398,-0.4853944480419159,0.03689827397465706
1697842586900843000,8.193843017578125,9.794623374938965,-0.4843139946460724,0.03436470031738281
1697842586909756000,8.202755859375,9.794610023498535,-0.4847845733165741,0.03139043226838112
1697842586919414000,8.2124140625,9.794679641723633,-0.4835415780544281,0.02855411358177662
1697842586929175000,8.222175048828126,9.79478645324707,-0.4815497398376465,0.02569001168012619
1697842586939270000,8.232269775390625,9.794829368591309,-0.4807065725326538,0.02501561865210533
1697842586949316000,8.242316162109375,9.794837951660156,-0.4805770516395569,0.024171825498342514
1697842586959513000,8.25251318359375,9.794841766357422,-0.48050740361213684,0.02387896180152893
1697842586969576000,8.262575927734375,9.794846534729004,-0.4804372489452362,0.02336513064801693
1697842586979139000,8.27213916015625,9.794907569885254,-0.4791828691959381,0.023624712601304054
1697842586989309000,8.282308837890625,9.794878005981445,-0.4797113537788391,0.024947229772806168
1697842586999282000,8.292281982421875,9.794922828674316,-0.47877854108810425,0.02532769925892353
1697842587009148000,8.30214794921875,9.79494571685791,-0.4782169759273529,0.02722354047000408
1697842587019232000,8.31223193359375,9.794978141784668,-0.4773429036140442,0.030450448393821716
1697842587029175000,8.322175048828125,9.794978141784668,-0.47734278440475464,0.03045046702027321
1697842587039116000,8.332115966796875,9.794952392578125,-0.4775295555591583,0.03529474884271622
1697842587049199000,8.34219921875,9.794936180114746,-0.47763052582740784,0.03857040777802467
1697842587059168000,8.35216796875,9.794954299926758,-0.4769527018070221,0.04208891838788986
1697842587069108000,8.36210791015625,9.795014381408691,-0.47537267208099365,0.04580337181687355
1697842587079638000,8.372637939453124,9.795008659362793,-0.47516366839408875,0.04906623065471649
1697842587089335000,8.3823349609375,9.794949531555176,-0.47606605291366577,0.05212424695491791
1697842587099142000,8.392141845703126,9.79495620727539,-0.4755578935146332,0.05537694692611694
1697842587109415000,8.402414794921874,9.795029640197754,-0.47366103529930115,0.058571670204401016
1697842587119628000,8.4126279296875,9.795164108276367,-0.47043487429618835,0.06204118952155113
1697842587129220000,8.42222021484375,9.795212745666504,-0.4690553843975067,0.06464580446481705
1697842587139620000,8.4326201171875,9.795275688171387,-0.4674372375011444,0.06672973185777664
1697842587149572000,8.442572021484375,9.795404434204102,-0.46456533670425415,0.06804264336824417
1697842587159384000,8.452384033203124,9.795581817626953,-0.46042799949645996,0.0704960823059082
1697842587169307000,8.462306884765624,9.795706748962402,-0.45744407176971436,0.07251054793596268
1697842587179205000,8.472205078125,9.79583740234375,-0.4543911814689636,0.074090376496315
1697842587189421000,8.482421142578126,9.795918464660645,-0.45237842202186584,0.07564281672239304
1697842587200354000,8.49335400390625,9.796077728271484,-0.44881337881088257,0.07629804313182831
1697842587209747000,8.502746826171874,9.796162605285645,-0.4465199410915375,0.07873347401618958
1697842587220144000,8.51314404296875,9.796247482299805,-0.44418197870254517,0.08143287152051926
1697842587229683000,8.522682861328125,9.796323776245117,-0.44234564900398254,0.08223194628953934
1697842587240407000,8.533406982421875,9.79636001586914,-0.441389799118042,0.08294511586427689
1697842587249522000,8.54252197265625,9.796360969543457,-0.44122281670570374,0.08379467576742172
1697842587259201000,8.552200927734376,9.796440124511719,-0.4393026828765869,0.0847163274884224
1697842587269224000,8.562223876953125,9.796440124511719,-0.4393026828765869,0.0847163274884224
1697842587279199000,8.572198974609375,9.796547889709473,-0.43683093786239624,0.08496778458356857
1697842587289327000,8.5823271484375,9.796561241149902,-0.43665677309036255,0.08433125913143158
1697842587299090000,8.59208984375,9.796608924865723,-0.4356609284877777,0.08389966189861298
1697842587309477000,8.60247705078125,9.796670913696289,-0.4342039227485657,0.08414903283119202
1697842587319724000,8.61272412109375,9.79671573638916,-0.43318939208984375,0.08414918929338455
1697842587329791000,8.622791015625,9.796732902526855,-0.4327167272567749,0.0846719890832901
1697842587339304000,8.632303955078125,9.796712875366211,-0.4329659044742584,0.08564376831054688
1697842587349174000,8.642174072265625,9.796693801879883,-0.4331601858139038,0.08693254739046097
1697842587359632000,8.6526318359375,9.79670524597168,-0.4326494336128235,0.08820108324289322
1697842587369500000,8.6625,9.796625137329102,-0.4338018298149109,0.09126891940832138
1697842587379172000,8.672172119140624,9.796586036682129,-0.43416401743888855,0.0937679260969162
1697842587389191000,8.68219091796875,9.796529769897461,-0.4348926842212677,0.09625403583049774
1697842587399598000,8.69259814453125,9.796443939208984,-0.4362720847129822,0.09869048744440079
1697842587409368000,8.7023681640625,9.796378135681152,-0.43729037046432495,0.10068492591381073
1697842587419244000,8.712244140625,9.796295166015625,-0.4384889006614685,0.10351482033729553
1697842587429645000,8.72264501953125,9.796189308166504,-0.4402732849121094,0.10599158704280853
1697842587439249000,8.732248779296874,9.796111106872559,-0.44146794080734253,0.1082054153084755
1697842587449655000,8.742655029296875,9.79599380493164,-0.4436177909374237,0.10999006778001785
1697842587459219000,8.752218994140625,9.796021461486816,-0.44283196330070496,0.11072156578302383
1697842587469195000,8.762195068359375,9.796107292175293,-0.44018861651420593,0.11359630525112152
1697842587479201000,8.772200927734374,9.79580307006836,-0.4465230107307434,0.11510220170021057
1697842587489141000,8.78214111328125,9.796024322509766,-0.4414043426513672,0.11595214158296585
1697842587499185000,8.792184814453124,9.796025276184082,-0.4414043128490448,0.11595212668180466
1697842587509085000,8.8020849609375,9.796103477478027,-0.4397777020931244,0.11545621603727341
1697842587519356000,8.81235595703125,9.796156883239746,-0.4385690689086914,0.1155509501695633
1697842587529414000,8.822413818359376,9.796231269836426,-0.4368596076965332,0.11566192656755447
1697842587539074000,8.832073974609376,9.796371459960938,-0.43347063660621643,0.11661236733198166
1697842587549892000,8.84289208984375,9.796533584594727,-0.42962217330932617,0.1171993538737297
1697842587559429000,8.85242919921875,9.796663284301758,-0.42643415927886963,0.11802633106708527
1697842587569420000,8.862419921875,9.796723365783691,-0.42487749457359314,0.11864076554775238
1697842587579118000,8.8721181640625,9.796812057495117,-0.42237618565559387,0.1202855184674263
1697842587589125000,8.882125,9.79682445526123,-0.42144057154655457,0.1225222572684288
1697842587599519000,8.89251904296875,9.796891212463379,-0.41907259821891785,0.12525011599063873
1697842587609650000,8.90264990234375,9.796988487243652,-0.416191041469574,0.12728232145309448
1697842587619693000,8.912693115234376,9.797045707702637,-0.4138602316379547,0.13037045300006866
1697842587629154000,8.922154052734374,9.797143936157227,-0.41080978512763977,0.13260862231254578
1697842587639204000,8.9322041015625,9.79727840423584,-0.40690866112709045,0.13475817441940308
1697842587649153000,8.942153076171875,9.79729175567627,-0.40522411465644836,0.13874119520187378
1697842587659121000,8.952120849609376,9.797408103942871,-0.40113165974617004,0.14241167902946472
1697842587669102000,8.96210205078125,9.797489166259766,-0.3976740539073944,0.14646653831005096
1697842587679122000,8.972121826171875,9.797589302062988,-0.3934740126132965,0.15101249516010284
1697842587689082000,8.98208203125,9.797698020935059,-0.38907575607299805,0.15532320737838745
1697842587699085000,8.9920849609375,9.797734260559082,-0.38605165481567383,0.16049839556217194
1697842587709127000,9.002126953125,9.797779083251953,-0.3826771080493927,0.1657625138759613
1697842587719116000,9.012115966796875,9.797856330871582,-0.37820160388946533,0.17136117815971375
1697842587729934000,9.02293408203125,9.797921180725098,-0.37398868799209595,0.17678873240947723
1697842587739531000,9.032531005859376,9.797978401184082,-0.3700101375579834,0.18192699551582336
1697842587749091000,9.042091064453125,9.798107147216797,-0.3649320602416992,0.18520024418830872
1697842587759364000,9.052364013671875,9.798190116882324,-0.3607279658317566,0.18902051448822021
1697842587769102000,9.06210205078125,9.798257827758789,-0.35635778307914734,0.19374142587184906
1697842587779408000,9.072407958984375,9.798399925231934,-0.3513474464416504,0.19568534195423126
1697842587789406000,9.082406005859376,9.798510551452637,-0.34695708751678467,0.19802209734916687
1697842587799526000,9.09252587890625,9.798593521118164,-0.3430822491645813,0.20063641667366028
1697842587809442000,9.102442138671876,9.798684120178223,-0.3392671048641205,0.2026371955871582
1697842587819244000,9.112244140625,9.79885482788086,-0.33353161811828613,0.20391793549060822
1697842587829116000,9.122115966796875,9.799005508422852,-0.32821527123451233,0.20529453456401825
1697842587839241000,9.132240966796875,9.799199104309082,-0.3223966360092163,0.20530399680137634
1697842587849508000,9.142508056640626,9.79939079284668,-0.3170693516731262,0.20445947349071503
1697842587859219000,9.152218994140625,9.799553871154785,-0.31268545985221863,0.2033560872077942
1697842587869608000,9.16260791015625,9.79973030090332,-0.3074045181274414,0.2029101699590683
1697842587879728000,9.17272802734375,9.79986572265625,-0.3035734295845032,0.20215949416160583
1697842587889382000,9.1823818359375,9.799982070922852,-0.300407737493515,0.20121236145496368
